family_id,upstream_path,upstream_sha256,upstream_bytes,upstream_lines,upstream_run_directives,upstream_check_directives,semantic_tags,fixture_source_set_sha256,fixture_binary_set_sha256,native_contexts,captured_events
SNF-000,lld/test/ELF/bsymbolic.s,a2c4c20bbe6c2aea27f7bad9b1c382e22a0bf8c1a077bcdec727dfd1c0034248,6681,197,28,20,weak;symbolic;hidden;protected;shared;preempt,0f630efae607e563427e8825efbf145a78510f1f56af40d5f4f15830c9bbfbf0,6ab630dd8117730d44478eecc3c5b015beadffbe9ea616438c8c6494511f2b88,16,992
SNF-001,lld/test/ELF/wrap-lazy.test,05b3e0e0c8e952c5565ac42ffdd640093f8b6efada158c7fdd396a24f89689de,2116,59,23,16,lazy;wrap;weak;shared,56bfa52284f01aad02c0e50c012598a88c360aac8f49450e53fa358a295f5769,cb570bab98d779b56dee1c5850bb9325d88b0bb2e53a31fe101613a3948aeda6,16,992
SNF-002,lld/test/ELF/lto/devirt_vcall_vis_export_dynamic.ll,a9ee398450dfe1b0763158edcfbabf0b7725aa5cbed0adba112c6e68da199d67,8913,208,67,87,visibility;export;shared;preempt;version,66a5cfedd4abc65c130213d39910202393fd92c9fa3b8c163824dea1f1c32df9,59cd18e298fd7dfc226fc15d592d7b224cac178e3da356aa5a17b3453f97937a,16,992
SNF-003,lld/test/ELF/push-state.s,c91b8c74edd207bf232473e40df885668ac8ef0e24d4a62a0878e777c84d47d9,1448,39,20,10,as-needed;shared;archive,1f5f367c0b354372a76ecf857a14e0872564f48861c95eafe26168747405bcd0,4e803ede11731cf6fa9eda3777cd43f8172de95025aa296958e383743fafb8f0,16,992
SNF-004,lld/test/ELF/symver.s,d55c5e44c13d9d5821a335b45c4e42a3c356c58c2f4648708a1cc6ace2a60230,8559,232,48,55,wrap;version;shared;undefined;protected;weak,12fb8b8f7a4b9d1ee15965a6ec5a847e41140f75a7fade42145637b6951cbf61,fdf057596cddb61172e6eda5df506670dddc23a2f9f184cda327e5b8ea08ace8,16,992
SNF-005,lld/test/ELF/relro-non-contiguous.s,1a309e1b2bd0cc1755590c14dbfd44c2c29f1931168fd714730356b5d304d0f6,2669,98,11,10,relro;shared,488b285d9e8f8798b74b3c77f3402d32bf80d98e4c24c446720e6b9ecd01626e,5ea32d30d1a5bc40834bfab07408f645bbab213b0b2f4587897bbe80fd2919dc,16,992
SNF-006,lld/test/ELF/export-dynamic-symbol.s,14f9677c099eb6fcd098c00ac9903613df96bcd75c681ec86b915955ec5b9640,4983,116,40,35,export;hidden;preempt;shared;symbolic,0dca2fec3adf3817fbb6c3eb270ea4de0cdcb1e216ba98b3fabf4b8daf00b611,3f55b2664fd18d16bf64d09274e54b62fd12601afc1f3e265feec1cea10a0221,16,992
SNF-007,lld/test/ELF/export-symbols.s,4a1f5feab58a0ed748e2eb469062ea56447402088a2c5ed00ae46484576937af,2108,71,12,6,weak;export;shared;hidden;protected,1c930cd2f450ccf1cae92863f5921299e3f98c79b902812a771238e02e8ead40,e775bfaa8a0a5596e292fbd645e8d4b832cc7d1684c3eb7d67e865e7898a7d2a,16,992
SNF-008,lld/test/ELF/arm-thumb-plt-range-thunk-os.s,c096b190749fc994c6fe9134c65de8ee21058abe637a4600566d5f85969a95a6,3159,100,5,38,preempt;hidden;shared,751f2f8c980f9f0e9e158134b6539d2e1e22a5e9b7e9af7b483530cb87e1049c,dcf735bfc5cc2372f1dde74c4f9df65b8f8931aceb43a378969f89e4d62d9762,16,992
SNF-009,lld/test/ELF/arm-thunk-edgecase.s,f58a9ddb14aa34f16d5eb9f789057a18f3606d87ae443e5acc8d230c5e046384,2588,49,22,12,shared;symbolic,eaf3ea587af5817a3ac187d0ace8daf6d432d8ca02f430c34cc0de09c1edbcfc,3e88951d3643df8d46f8e8edd347c1c82acaeec56c0ef4cc92cea13003426235,16,992
SNF-010,lld/test/ELF/aarch64-variant_pcs.s,01f33a395dfa1397b3422e532c605cc35fb5710cb41fd44d6ce43a7532e3d654,4403,128,16,44,ifunc;hidden;shared;visibility,4790cbd31f29eab33c20493b46a7b467f41f725f7f569cd32c13c3f87fed5b68,fcb156c8c374fe81bcd1a477cfb3fe174aa94173949101a2b2ac40263a3b0335,16,992
SNF-011,lld/test/ELF/whole-archive.s,3a524721472e1ca7a9b4b16b925c43147647b69a37c8510e57519ede51d106e8,1574,40,19,12,archive,4b56dbda034b959aecccd21003f7619965d39924e8a89aa5a09a56b2771192b0,a68ba62e64a0757ad502561a7a5dd87a831f9fe8145204d1aaf99fe6830437ac,16,992
SNF-012,lld/test/ELF/startstop-visibility.s,7e783851f7d9f27572dbe296a75638dbd102c756b7033d64d0d6b9f884d179b7,1433,45,12,24,protected;hidden;visibility,95b2233df9e86cd71f45990c8fa514c3dfc31fbe58b26f260a38453c6b1e8dc0,d7af2738b15c9485a2fb04f79ae56dead2368137deb665867dccbaf66eaf8a37,16,992
SNF-013,lld/test/ELF/why-live.test,131933285bef9708015f76ddef7d212f891329999467aa4f2912b45875af476d,9032,275,23,34,gc-sections;shared;export;undefined;weak,737f546938d70324dc740d079cfd15b90ebba9ad2d05fcdcc99fa51b82afadc0,b62a033e0fcc46323ce891ce30298e05cb239395f07412af39374cd106adf872,16,992
SNF-014,lld/test/ELF/lto/wrap-unreferenced-before-codegen.test,0efa7631e4404cc6175757e0bddcabe655600690378eb513042c532ac3daaf2f,3509,91,21,8,tls;wrap;shared,89c30b0e84b88e6ab91aabd7e14eaa67d388a766c3818ccd1d41469e44af3f3c,d8c4159e87363365872cf7b054c3141cea9ab704f0e1eee3dc369cf2e3674153,16,992
SNF-015,lld/test/ELF/interconnected-lazy.s,ed10bc7732c54ce168befdb74e1f67391245bb8c89aef38c2fd80ba5c3eb0ed4,895,42,5,8,lazy;weak,f98b6fb0241c56a3a1a813bd870d5183622623255a70e0fd08c904b9320a11e9,f2efdb5af106931825657f8b31ede7ef8c1fe3e0f183a61b8196a54e96ff0025,16,992
SNF-016,lld/test/ELF/undef-suggest-version.s,6412870da5f0ef5d73ed8dc54b0caf2d95c0a92430424a520ca03b9dc2cb7490,2457,57,11,12,hidden;undefined;version;export;shared,8b2537c16047a379a71c8a1b47ccf8876b600d8f54d8f01e28638a19aecb79ba,eca9a9e775d30be035e4626b844558ed684d50699560147c69e3f12878fc19d7,16,992
SNF-017,lld/test/ELF/verneed-weak.s,7d7bd4606286aab63996e81b834372e2f6d2b7c411b9da323254f0d7ce81228a,2796,80,16,8,weak;version;shared;as-needed,b491c7123dd12f8f041041be5961388d086a3cd212661db01754808d98d407d5,798dcc35f8fc35d614695a42556e009947bb3a7507cc0fa0dc2b41bc17c6197b,16,992
SNF-018,lld/test/ELF/gc-sections-print.s,e1a365857529b1838eaa105ec08a6160eda9c6f11348a70014e10a7f6a300eb8,1113,38,11,10,gc-sections;protected,cb74221e9414dcc533d05a72c6692fe553c167607184dffd920ae5da95557bee,d77f1164bab37790eea02b94907b3553e47f632189fd87ba2ed5b17f6535fc73,16,992
SNF-019,lld/test/ELF/lto/devirt_validate_vtable_typeinfos_mixed_lto.ll,201caed48f7cb3d3fdaeb87399a2053fc34e60460a57230da58105832eeb00ea,6983,183,13,34,visibility,753608581deaac3de9ecadf209149b84cd76baf0d850d987e7fa77c24708a7e2,a3c7f4732fbbdddfb0dc47842098f1423bd88ed82f4783ac75977ad0708eed3f,16,992
SNF-020,lld/test/ELF/shared.s,1cda20edb0835c49bae9e8047b59b71a9933dc32eba3799e21c702da0fe20c7a,9508,302,8,240,export;undefined;shared;hidden,86b31e3d843fefb970aa091770dd22eea1735105b901d59a014b1b8f5d0faeb9,902ee8dff572a4ae81f3c8051860dc52722583a4a95efa00330cbd0b350658ff,16,992
SNF-021,lld/test/ELF/symbols.s,efba06a71b735ea9f81c4c5a41e61b1175258449ef324aa3a63be795a9806bc5,4697,188,3,139,hidden;protected;weak;undefined,905b3d552196dfb92b856eaa253ae7ee613f6c6849e9d7016f137f2859415aa0,d58d04006d9f61ea237ddf0a1004b33dc62b36d9ad0f55b3c7119d8b66621871,16,992
SNF-022,lld/test/ELF/wrap-drop-shared-original.s,20560e8f92df91d8f766f24c89f28172daa24dc4ee40b51e7a26b43c83602a4c,1912,48,15,4,wrap;shared;as-needed,88a22b5af784bddb3683cec2f6fa429ea9dd443bab356e0f70ca38633d3a4669,7565d1e18d60fb100e9fa092e0cf1fe05771a046671ac8cbf620d09e39623a5e,16,992
SNF-023,lld/test/ELF/riscv-attributes.s,d54ecfafb702d5cf1afd68f0d72fb66d40c9ab008095e45e3637a05e9749b804,19546,509,63,131,version,63c227dd957baf0f4326c6cc482fa197b52afcea10497190b2e9669382d58960,f4692ac58efafc47ee10f84ec2f6f08465a9f6b3cc13d19ec065c739d9cde183,16,992
SNF-024,lld/test/ELF/resolution.s,11d9677f4f7c134ba6d7570e4279f27a06b51a7a9d2a0d7d715437da48424ee4,4197,112,4,27,weak,30a0cb9c39db9aae13193651fee2cd257cd21f6353f32263de1efac9bf650bab,a112754e039b34497202a470f14ebb08cb94686c4585537036c06ed68b4211f6,16,992
SNF-025,lld/test/ELF/copy-errors.s,96bb95fa19fbe4739d5f98e130cd57e6730040f32ce766ed6062ddd599f5a2a5,1131,28,5,9,preempt;shared;protected,ba7386c33fac726294b7e09d97dc38ef7b050f079067fc4793186446719f010d,c193caa90de7cfcf0b9ceffa03c66a766d0da0a327a1ae5cb46b05eed4e6168a,16,992
SNF-026,lld/test/ELF/gc-sections-shared.s,f07a913a2fcdbb70b3b8edd5b498006a8f17d934ae9a433b2b746bd2e9bd694a,1624,49,11,12,shared;gc-sections;weak;as-needed;export;undefined,f19de5822583b4ca8fdaa240aada3046463feed8f1c98003ac49fa95beb963e1,31338a7a555dd5a146dc62a99a49d4a9de23c57f583fe3911b800c6dfc1b58de,16,992
SNF-027,lld/test/ELF/gnu-hash-table.s,abf426d1eed21cec7b186052d9eb93165738dd44fa936a700cd2145601d45843,8385,256,40,10,undefined;shared;weak,35b79fbb6ce2de04538710c346d51210bf3ca0abe5e8ce44833e50c9875ebcad,f24a973d806a49e994cceb28c4d98a722bfbed7c0acc15642e920750544f0fcf,16,992
SNF-028,lld/test/ELF/verdef-defaultver.s,11bce3ea9451f3b5e2350c56f71c4c6c242eb0bd241bbb7a8e9e5f98a0ee991f,5989,216,14,9,version;undefined;shared;preempt,185fd7b920124836ebfa0b2abdd371b9cac2e9f441426422b590539006788d15,a74f5f37cb94c33226167f868946784d3b25cef0fff9255271e6a5bdef7e8688,16,992
SNF-029,lld/test/ELF/loongarch-relax-pc-hi20-lo12-got-symbols.s,25265115f5c5a6e67092c5178bcdfa5ea1f415b11152786003b938194d63afdd,3239,90,13,8,ifunc;hidden;undefined;preempt;shared,e3e827bd9337dc4d3a3d0e4adc892dc9ef3bad43a123a97ef0aa78dcbaffa451,4adbeea931b5a81560755c3af8130b5eec77d418a55c1c09e832d1db247a7f19,16,992
SNF-030,lld/test/ELF/lto/devirt_validate_vtable_typeinfos.ll,cdcdcd723191a03985ddc1921bceff0e9b3352c4abf160ebd6447c687601ed19,13402,263,79,142,visibility;shared,445913e3b71f0dfbf739cc89805d079eacc32ebec2c2d5f9002d406e60515bf9,af33754492f8faf3ad96c7022e00408181b0d2312f7d431a700df400038939de,16,992
SNF-031,lld/test/ELF/riscv-tlsdesc-relax.s,c009940a4d1d3127eb4f21cbeffc1af0885ba53e302755d256eaf3ddf05b28f6,7261,197,13,10,tls;shared,7c9a795c996e353945a490637b7dc66a600bc3362fdf82433ca79320d0e4be8f,96ab543988005374d81f3c28a8bc64777bc76d63e81a2e3ae5d2415f188b48c7,16,992
SNF-032,lld/test/ELF/local-symbols-order.s,25ec642d6d65be26c630688f61d0acde640e30b6c4fb49c065dcdcc8ee4051a0,5530,145,16,25,hidden;export;version;shared,1f6d458082259cfc23a42a7ef5bcf625f89508fd7ba390986b454709fd2ec961,e5724630a7e5526ba1dfb8df96d86b6955da2123192a4e0ec40eadc0a3968655,16,992
SNF-033,lld/test/ELF/ppc64-toc-relax.s,c037324fbbba5c1adc511a36ee12f6b9c0d933801849edbd7889a2136c4f6dbd,4213,107,20,16,shared;hidden;preempt;visibility,6251acc1c674c6be8748c43993083b83a3fa3c434a7e7294eabebc433635750d,2082db650f8b61030564d962343c4258433d7a67a84aec57b19ef8bef6c02735,16,992
SNF-034,lld/test/ELF/aarch64-ifunc-bti.s,19e17e98777a6d5faa5118d48c8c5af4ff4b9c515488e17abb460166bc3739b3,3011,93,7,36,ifunc;shared;export;symbolic,c8e69d1eb30b9f7da6096567138adfd9bcdcb656d3e77feb7c5cc42bf29fc335,2460aa90e4cb75f893b501408dbdf6d8baf0cd07510cd87374d1fb765b60c811,16,992
SNF-035,lld/test/ELF/shlib-undefined-local.s,5ff6356c5a433818ad52772403fc892093979f6fe0bae25b71e6396bf15c8609,567,18,5,2,export;shared;undefined;version,b410d5c4e9789ced5cbad474aab8a608e10d68a54a095a97762d47e1566996af,663c48ad51cb8c9805a77990596dc16bf01bb103241b44c12bac1dc471973906,16,992
SNF-036,lld/test/ELF/as-needed-weak.s,51f6ec53ad2603ef4ce6c2f2fa4b025f55f64562e88892a144896b5d4c58e444,732,23,6,6,weak;as-needed;shared,71ab03aac243cb7c6cfd967e13133efcf6302bd095aaa555208e0171a41a76bc,bfd34148f50782cd108949ea0daa592678db4a6f1c93f5a79bf1fa780d5b7352,16,992
SNF-037,lld/test/ELF/trace-symbols.s,0594853b7cedfc4263fac00e58448c13a69b1f14bd198db47323cde9d9c04239,4220,98,47,38,shared;archive;preempt;hidden;lazy;weak,e5082d019b55668c3e45450b51a0b8c92b4931c8347d1362188bc543730aefd8,3502d373884f5df944533c276f801b545df4be78b66af236b7b3f412cc2b5d75,16,992
SNF-038,lld/test/ELF/allow-shlib-undefined.s,23a71f6d2be1b1ca1376c972e84c9aa980f44d9b80c15a80df384318202b009d,3677,89,27,33,undefined;hidden;shared;export;gc-sections;version,cb542cba456eb1b09b554e3a579745b5d7c7f3658e820d4626f91049054ba229,3ce6e27be2b941a0bfe3b518e4ec3beffffe7a592193a5cf1e840e7d8c27c173,16,992
SNF-039,lld/test/ELF/relro-init-fini-script.s,96976509ceaa6f93157c6fce7bc8a4f214a10e94bf854dafa8b39fd5a5eecf65,1679,39,14,9,hidden;relro;shared,f5266cd81fbf5b437b7de4b37e58310d1dad11d9771f535e53ad1d6f1cbf62b4,6c663d13715ee9746b77fe1df99fee2a87fa2f3bcd9b415c9ba3af1130fc7a08,16,992
SNF-040,lld/test/ELF/wrap-extract.s,a62fd2f12294c3d9d7122a11c12c9baf8ef2790268e321fdd853590274cd0bb7,531,21,4,0,wrap;archive,ce96fd09c316a7d5ad9366314b0fc4b0c1ec75e6e231832d58a0e10432c9f9e9,e5d2fd6799b7d0b32e5bacaa566718ac6e02703f02ff0acb4e3fda234f25207b,16,992
SNF-041,lld/test/ELF/linkerscript/symbolreferenced.s,570ce65039581a6dae496f6f2d0531153d1fb83bdb315254adc5fb0842aa5c99,3253,116,22,31,lazy;hidden;undefined,a6cd7aa8ea8daf21aa64af9b8cd83a2d733addd7f6dd917fef545a1dd96628f0,822803e06b6312f3f092a3484ec3540bcd52c798f691a14457f2540f18036ade,16,992
SNF-042,lld/test/ELF/why-extract.s,031b8128b9dbfc77f5de4a576619ef54a96ff9da19a4332255e99d41fa033e91,3186,101,26,40,undefined;lazy;archive;shared,43e8f38636530fafb7f497f17dd31af52089af828a365610d19fd9b587e472ec,e51c14c314bdef33e4d94a0979e30b9f2c4ceda055bd1ff8003ea72273e602fe,16,992
SNF-043,lld/test/ELF/bsymbolic-undef.s,7b289bd0a71409a5eaf3cc043840c2591fdb42701b27332da02b9e0267a00084,787,27,3,21,undefined;shared;symbolic,1e87ff721f3c44199a78d27e1b7494bb8d751c40895e6380491de9fd0e28bd88,11fecf44d5c008e65f8d74ef89805dc7335b60dda1b25a490a7022d4ae8256da,16,992
SNF-044,lld/test/ELF/riscv-reloc-leb128.s,9a425bb3e476e1c67b031e94fad2cd6e72f71545c87a380249155d1f2eec1da2,7367,187,20,33,shared;preempt;gc-sections,3385536e136540a13fdd68a06a677aa79a79d5d64574fad2ab76e22d3f366f6e,1ce35ebdd8b2084db4ec98b5d51779962edf82b57c8fbef08f06ed3a1d153de9,16,992
SNF-045,lld/test/ELF/bp-section-orderer.s,1fa296c32cdefb8e4265b1bac49b3932448d0e957b82328c8b198d910f5aab9d,14668,455,28,47,gc-sections,cd7229cdb1d0906aa90df3bc639830a477d003537400f0416174d722b99ccd1e,5d0a42901f25c4d8225cf2c84e0e5539de97485e2c9949e6a8aa53f0ec15f113,16,992
SNF-046,lld/test/ELF/undefined-opt.s,ebe1694133c2f09d1392ce88cc579b2a336f18a7d4a3eb32542822a8064cb43b,2747,74,27,16,undefined;export;shared;archive,b14d4db87a3ffb092e5772c9acae11f95a48afb16728505a37dcbd974a4cd103,a9e963929c3a1a42f563711fa40439005bcf41a20f710558cc6c4808ed86f791,16,992
SNF-047,lld/test/ELF/common-archive-lookup.s,0140d6fbabc1528a18967f5830e8d6e06ad78ddce114303ca4b0605065e537e3,6068,201,44,30,weak;archive;version,3f7d8f2b9dfb37ffa8e9af317122cf30b26a200abd24b7368c0ddbdedf08ff2c,3112639345ad1c6d1dd46387ec2ae656591e5fa09520699a1414d839c5fdb168,16,992
SNF-048,lld/test/ELF/symbol-ordering-file-warnings.s,b108b208cbd292275e811b17615349ed15487ee7c42270925003ffc06e1c67a5,7094,164,62,35,shared;gc-sections;undefined;weak;archive,2d68f5386474517da51a9dc7c0322221ea880470f854d3ae9d2e6837039671a5,acfc10d1197703c56a05d0aa8059352358f4889fc2fb3843ef3d60a437b275d9,16,992
SNF-049,lld/test/ELF/lto/lazy-debug.ll,97f4b2d51e1294cd048626bb2ccb0f6fb9e5a41fd3acba71daffb6a37eccb530,6803,107,4,4,version;hidden;visibility;lazy,74ee7a1772fb62f4ab7f921f8265bb798e358615d7ca17b57991cf551acbab8d,c04fd149f732229495641065d50260457b44d72c94a1f6d27c8c5708eb21443b,16,992
SNF-050,lld/test/ELF/gnu-ifunc-nonpreemptible.s,f42bb91735962709206d6a529a0cce2edbb62bf12ca4c13fa17e697e61c2ff03,2925,92,11,15,weak;ifunc;hidden;shared,169f5b37fe6aed335545637159992b7bcf137c0e9353c34ec9f4bdef5c47a4d7,0472017f27bef9203325ebbb64333473a38302d384d3abadcba5f1de7bd6b441,16,992
SNF-051,lld/test/ELF/linkerscript/empty-section-start-stop.test,1a211e3a540eed89dc51ffc16216e287c36e34f404dd6b0625f19b6748f1d2b4,1092,36,4,8,hidden;protected;visibility;weak,a368951814490a609ba62963c36b611656e14fef42a4fe4c10554cc9e30d11ed,c53bb4887151ec93de6dbc8d205a488ef7b5befe979ee9742db4dfc5b64bcca5,16,992
SNF-052,lld/test/ELF/version-script-noundef.s,1713210c7f3b14dc13a4ed62082d16894e9a4e582ed2534b36297eac0269ef94,1445,30,15,8,version;shared;undefined,21fa1d879ace5749112ef82a64e09a9e0476809f570e6733d05b4e851d20afdd,76a4d8958b65d50fa9aaf992aa01729dee9012122eee695e0167a028dcf4ebdb,16,992
SNF-053,lld/test/ELF/i386-plt.s,37fe442c3c1027bca1dbf12f5d81c759f67856a538e9fbe9be5b140495212010,6057,176,11,75,shared,5fe3a6440c4b9a5d880aaae59b5396639a2fa978ce1339aa81336d067ca180cf,2fd503f48f2d0a3e5ce744d4733fe037a432b53212ff8b132f81e7edf5563280,16,992
SNF-054,lld/test/ELF/aarch64-reloc-pauth.s,fe6006224a6c817d945ea030dfd9ec22ba58db11ecdd5537610b13f94abb72d5,15961,320,27,19,hidden;shared;symbolic;preempt,b75b67a876df0c0827c096107f8687c35bea673816db8cc1d233252c23816fbe,1ecff6cc95baa73aac9ebbf1380cdd1c8e6f28cc81ba90ae5cb4f9aad4bf17cd,16,992
SNF-055,lld/test/ELF/lto/thinlto-index-only.ll,6abcfaebdb4db274fa12fe5f63b46ecc52afb52b04433150e59c34a80af4033a,6319,146,57,36,shared;lazy;version,168cfc667fd06bc2334f9b6e4efe9af20d45fd7a1914bbaa97edbd7272282ad8,fbf7d38e009ad0c6abc47fb915d466699f26a2bc4cae935bd6053b44f54149ad,16,992
SNF-056,lld/test/ELF/dso-undef-extract-lazy.s,e8c74bcfc72698efde949059e3f6a342cf90187bd4d3958353585beb55084319,2297,81,14,10,version;archive;shared;undefined,fe265480d6add9f08f891004379194743a3294b06e12a4d5895a6abd609893d8,0ebf88e344e8f886322e0616f8e984e238e5badf7bf0defc1cf0b8ef7b9b1e99,16,992
SNF-057,lld/test/ELF/as-needed-in-regular.s,8e1d9267985d63379ffa0c38c05196926796bc1a7a4e5df337ad15ce363f7719,755,24,12,5,as-needed;gc-sections;shared,c4f6f8d76143a5bbee083283138fa97fe2bb5e3d5bf004513e4e4bb7c1c4078d,3637415f0730a409d4fdf10fe0b2fd6b38895812ef982b0decf503cde1595c48,16,992
SNF-058,lld/test/ELF/hexagon-tls-gd-nonpreemptible.s,ff6f1fac9b5cd0ab75e6158d7d8884c4feaf6e98509cd3b33ff6ea8389532eb7,1715,50,5,13,preempt;tls;hidden;shared;symbolic;visibility,78b2abac33b303e62eb9092564fe8cfc331f616d1090b39152013df2b57fefc2,3ff7d1fc13891e853d599e2833b4aa827d99e6ca147aa926549091d36744d44f,16,992
SNF-059,lld/test/ELF/obj-preempt-dso.s,e3ea8c50e9d7eb895788c441ec90d6bdc87efb1ae074dfffffa257a213aec78e,1246,57,8,11,version;hidden;protected;shared,3155eb594a7c39217020ba22e772e117a4cc2525af3495f51dc0947f12cb19cd,14bfaea15768fcd2c3b13fcecc113002075ba7abc91500585f31ea6b2effeb06,16,992
SNF-060,lld/test/ELF/gc-absolute.s,d9bdb80d23be29b2baaee3837691386649aeffd5e90491d2fa7e9adbdd664b38,161,7,2,0,gc-sections;shared,b6c8fa7b1b5e0736c6151f862e1297ca73e7fd8cd52543d48ebe6b0412160668,463e48824e3eabbd749dffc495d28eb464c1fe95291ae72e2c69432fe080fb4a,16,992
SNF-061,lld/test/ELF/version-script-symver.s,3313ebf3f9779edfefeac2653188beae53fc19928138d64702d3e59ee8366a70,3522,88,30,20,version;shared;export,dfcaa203d79e0bcca24caa00a1fa8fcdfd498081426a63c0b7bae6f9b63df7d8,68e786d48bb72be9cb297fc1faec5662bc0d00c296ce2cf593cbfeffeb0e2041,16,992
SNF-062,lld/test/ELF/dynamic-list-weak-archive.s,2fc13184eb0754f09f2aabeca08c6d79d4c98e0422315e7336701b033b406bbc,697,22,7,6,weak;lazy;preempt;shared,d951f73fad38c74721a4934e4abf3404d716dc4837e213721ec05540a3cceb5d,3afa4276d9704a4cf665f733efc7d86466748654d67c9aa15ebbaf37f2e3e506,16,992
SNF-063,lld/test/ELF/version-script-weak.s,c52d6a36ecfa14394a1aa93bd97d7af207a890d39dd3da1eb27bb23fa6945b9c,1534,42,11,23,shared;version;weak;undefined;lazy,66d7dc883054715b7cf84df3c8c6a3bfebb4984e1ce398e64b33fe870948050d,82d8e357bdc4ff0fc4b6ce796660513725e0cfb8692b3335d1ddeb018372985e,16,992
SNF-064,lld/test/ELF/hexagon-undefined-weak.s,0d5ae7d9140edf0dde710ab446e1182f55bb9ef08643207d514ae7df0e953b43,779,28,3,7,weak;undefined,d9282d9daca74ae8f82afc5f2597b0d5101d79697b7f7ae097b5cebc4e9e8918,d5967ef89a966e480fbdbaf6fafbccb6f5800b8e078caa987a8a9fa6175dee3f,16,992
SNF-065,lld/test/ELF/wrap-shlib-undefined.s,9abfc40dcad885cd402bb346b05fbe88b6b9ae6dccd76be64a1175ad7fb705a1,2943,80,19,36,wrap;shared;undefined,4c505dddcaa2a797e153924d84e051a88d3d4968896a8f79a34001d2d41231ef,aecf1fa757bfc7cfc9f8b591952cec34f161dc0be4504a54e99db5aba49ad63a,16,992
SNF-066,lld/test/ELF/gc-sections.s,a3c889212f15947511030e9b95392a468adf401c6f07bb9b132ee925e24b55c5,4348,194,12,14,gc-sections;export;protected,3dc0ba00a157a7f54633099c178c474ebab2e3f86162e310797e5bce90cfb0f6,00fed709d080ec342b2ebd491c79b60d5df184db83509f75fadc08e0a088fd2d,16,992
SNF-067,lld/test/ELF/reproduce.s,b20e7b8f9f38a9ea048ff25d3f53d43afe7fff1fef6b93f6b30a46a09ef08331,3584,92,39,19,version;as-needed;shared;archive;export,47f9e08099b0f92d589f9b7cd667f6c5791b5fbde768f8aae3f285f4883a921c,2dce2ef49860def443ee72facf58c18f4928257498a90e68f19b0d139c6f6ef6,16,992
SNF-068,lld/test/ELF/eh-frame-dynrel-offset.s,0dd271e7e4e9da2e606d7ecd3d46b356604ee6fc02177470285b9bb155df1580,2151,68,9,12,hidden;shared,232d7e518978d890c0cbaabb6f8f7030991ce258627492ef8557d309f558da98,10b3f627dcbe6bdcdab5a0a0d4767a29c4969c5aa4a1e030e0195533cd7639e3,16,992
SNF-069,lld/test/ELF/aarch64-funcinit64-invalid.s,259e54b70810de57b543bc942af5efbd2aaa87acdb3d16fd76ecc5e078349f0f,440,18,2,2,ifunc,016f66f038ceba72abb5d814747cfb6dd54d2c01fb84d3a34848933117317b7b,e875c553bec2ad5ddfe63258f944f069026044028d652266ef21492d75ccf1c5,16,992
SNF-070,lld/test/ELF/aarch64-adrp-ldr-got.s,0be57654b813f74e94b813f20b5b51f4799bed765cb3019543bd3a5441738676,5264,198,24,23,hidden;preempt,90d8ab20fa5a002e878c3666a9c034a1f114b66217eafa26b49108954c680530,42e33fa371b7189fc53af8bcce41263bb6762edd861a736b778b6930a33965af,16,992
SNF-071,lld/test/ELF/ppc64-ifunc.s,1c85d931e48e383464819dbd699565b5ef060849b4ff57f8e039124ef5ca0260,4204,120,12,58,ifunc;hidden,79608db98fbb4e7773871922571afcea48b52f61c34a1514ed4e17c62f8326d3,b37abc2947efa6cfcf2569ef60d56ee02939f001182a92aff6899bda5027b2eb,16,992
SNF-072,lld/test/ELF/debug-line-obj.s,ff7de72464dd9a6877b06e3cf5d5a7c2bdb2d4357d96e7cbe44b8241bbcb0feb,7333,175,2,7,version;undefined,0147da742494aed78653fdd3d25f2409987855bc5282478bd966d1fbe10190a7,f26dd2a373723cef94e0ce58dbb8ac35750613444ada50057da7ef36906232f3,16,992
SNF-073,lld/test/ELF/tls.s,2519ad29bd549156ca54f53c0700d3281e5e270294919e4c780b5e061ff9dbad,5432,189,6,130,tls;shared;preempt;symbolic,b08bb47ae2b500db7dd6f0c9697bd5266110246e3fe3a89f198d797c4dedad38,4d32f839a9e9635d53979c56ab622c9cadbcd03780b7b529ffc812ddf9de8c6d,16,992
SNF-074,lld/test/ELF/wrap.s,475930d16a3c81e44c58ac1f109d6074674b8768397c44f2036ae107704c2ba3,1327,42,12,13,wrap;protected;weak,35c9c5a0fcea40227a59db2c8a79549ec7cf51ab907ec7c9372ae39a66299dd0,8f34028dac0d8ad4f2f6c69aeef57c49dfc171e5850eb06b85b7de1869ba2ddf,16,992
SNF-075,lld/test/ELF/warn-backrefs.s,d304e3ac9b01193306f20dc9f42dec723593444f0c663986bb4e88830f16772b,6825,112,58,18,weak;lazy;archive;shared,aefc816cb7f379ee7fd0ae7f967379e36407c9bdf06984b0962ddc0a54b98a61,f76d6e5f355c214574f45c7fa5f2d6e8356be9158064aa888910e15bce37d95d,16,992
SNF-076,lld/test/ELF/linkerscript/symbols.s,834f46adcc5d6dbbf6de26a361e0482fc5ea05cc69ed1c02e87ec2c6ca2f8e51,3721,86,36,24,hidden;visibility,9ae2a72f0e6811bc25fabb9a5c0c57b4548b2bd25c156ccf18b158d78a920278,d21942d60dd33fef42bcdc4f5d24c51eb97907071253b8bd67e82078d0680a9f,16,992
SNF-077,lld/test/ELF/shared-lazy.s,b86a17420b9511af9b0401f8dc62e53998c9fd61bfa7c46b4fb1620be0856110,2422,69,25,30,shared;weak;archive;as-needed,69872966f96ab1b22538767328615386edae9bfe98ee8a2c94919471ccf72a0f,b8e56fc040c10424d36a6c27c0c4e751c8821dbe497c18481addc3998b14856b,16,992
SNF-078,lld/test/ELF/undef.s,85c13036c961c3450535b98652dd23b73f73a08111fbab1ae483cf08a7e7f5a7,4773,106,13,61,undefined;archive;version,d443d23860d46f3bc78b54d7f33c65cfde8bd356da3f91c9ece615e38b105b8f,bd55aaa3308b5654ae6dc42eb639d64d09edc10dd835d37d9cbc07b0c6359552,16,992
SNF-079,lld/test/ELF/lto/archive.ll,8e1ffbdd31e94ebab03f1b66b671c77abf11cb857d88126264c328525b7d6478,891,36,8,16,archive;shared,f6ad74d9f58b5153f9b98b047a0c53d1b0897990118ca37e3fa0130f5bc01fd5,521e6c0ca19b9e74bc1115b5860b6b90a5dcde13113327988fff4dffbbc403f7,16,992
SNF-080,lld/test/ELF/lto/version-libcall.ll,3131273f2383114d1eab78335ceb4334e5dbf02f620307202a9fc1524aaef081,1888,44,14,8,version;lazy;shared,ed0d8d7e0aa35940df1fb940d13e6b6c54fab542bb158c8ca99efb8daa60717c,893e489436a7a480ef2d0016be09e26c0ba6b248e807f33c87ffb2505cc90f1e,16,992
SNF-081,lld/test/ELF/arm-tls-gd32.s,eb090ab14df5123f579f18ad35abcc0860a073ad874958c8f223e5001af66958,2720,105,4,10,tls;hidden;shared;visibility,b1e518d55f0bc5fbdb3691219b99e633a2842973a1ddec20da887f5a4552f853,a27d8d77887480d658e725b830bebca15c803168aa018b2f12dbd04919613b09,16,992
SNF-082,lld/test/ELF/sparcv9-gotdata.s,7ec22b26787e9ac8076776a0ded59f2c6ac78fa59365dc80ccdaffa5ce07a55f,5017,141,17,32,ifunc;weak;shared;hidden;preempt;undefined,b67545cf15dbb5ada43883ee8860c960bad14f80651670cc64308b710ca9133a,7b5eade4c50ba553d1a2d3948596b89964f89feaac6e37a7e707658e199c13ad,16,992
SNF-083,lld/test/ELF/lto/internalize-exportdyn.ll,9593ccd5b9558e01081ddee327f15830d6fdac60dc3845f5f424d2337ef3cd5c,3550,121,8,23,weak;export;hidden;shared,42d9b1af641c1274b0b534447cadb641e81db881558d5da07786ae05ad40511e,33bc59b85d1f10d0b8e486324db549aa5ad7194dc0159ac21aab37623d3ff95b,16,992
SNF-084,lld/test/ELF/riscv-undefined-weak.s,a5b1b6038f876b6bd634e181b0bddbfd349f90b65e381e00189384a45a253614,3134,102,10,19,weak;preempt;undefined;shared,eb5b3079940bc7f3df2e85f6f651ff1af2c36f6f8d0c7b59df415ebe92115451,e1f018a1cb7ec3448f2bcd84d2269e6e2d28222281fa74d1950e9d26b1c5deda,16,992
SNF-085,lld/test/ELF/pack-dyn-relocs.s,5a165d0c3372856483f31ffd7af038a3c2757b5f5238f16f15d3b12dec111bfe,16510,334,20,16,shared;symbolic,5796dae416dd9eb2939a2c347686c33daf545442c59d021dfd9cc0124b8c606e,f0a2655acdb70a34a298ec86cb52cdb3370499684f1b7b504e82cc7af3d933fe,16,992
SNF-086,lld/test/ELF/linkerscript/multiple-tbss.s,1fd4016f8befcdb0c23e488e83dfcd1b039011e22aaa19eccf863d2c12d02da2,1135,45,4,34,tls,8828aa47754f8f9f92f7fc29a88097410d779eea63160f29c90d220bc682ab10,65be56f38832c339517e4738d2fe6fe55ce2e96b85ae9c6b73055302f8208965,16,992
SNF-087,lld/test/ELF/arm-cmse-diagnostics.s,387e8aed4d85cddaacaf1b2c2f1deb64265edc1383606ef703af0a6ce8270732,14174,281,46,60,weak;version,a88ba30b2ad92ec75bff8fd77414990aa96e8669235545cbe160c8cd21ebcdd1,24ad12a5a153cc2917103d54bdd2ff2ac7005cbfc6aafb21d081223c89076b25,16,992
SNF-088,lld/test/ELF/comdat.s,f95ebec89a088743f0dde4634149badf2e80cb4dac5a21d634182fd01f19154c,1533,48,8,15,shared;gc-sections;hidden;weak,d1f333eec795fb063605ea3d0788fd5cd22ad1d0649c72ada486273ec7a7f462,f8b87ee9e38644ba58b6c17f17ddc5f5afe2a21b48a0b644da0a1f7e6d9eb962,16,992
SNF-089,lld/test/ELF/verneed-shared.s,ed77f9fffd3560210f8f6d26a329192484d350ad9349a5b3fc2b0a0268142dcb,1311,37,12,8,shared;undefined;version;export,7b44657e69f1f8e070cd967f5c9d5dd60055482fcaaf0680a19ef550ca585ba9,e3af408406f4123733d1a01f405822a89339f58755706f684e3d687ce769cd7b,16,992
SNF-090,lld/test/ELF/lto/wrap-script-referenced.ll,b856bb7e51f09057b7cc8a52ba3e9cde0409ecdc22600b2d8e7d7e21b2f3bd85,1772,46,8,4,wrap;hidden;shared,bec48df24690c42ab22dcef87221cc970ef4e41f972fc6db384c1cd4e3e77230,2ab68ad921e651d5fb8afac1145a9ec4f778a650ff78372381121bde50ff20a4,16,992
SNF-091,lld/test/ELF/as-needed.s,2231d16adf90f47c10b27f3dc6aeec1d60bf2b3ce475e241b61a6d5a918ec6ce,1860,49,21,19,shared;as-needed;weak,fad040e71edd5c9fa715c19559b4fea872c2a6a51aaf80fca343ebb86b41530a,e1d005b7ffef5057aca545b2baabedf1ebfb0339d3d5e253e52cfab9932be887,16,992
SNF-092,lld/test/ELF/version-script-complex-wildcards.s,50dc1bba3acdac861718468eec7193f860917642f6da3e2144c3f7bf4363ebff,2481,62,31,20,shared;version,f82ce952002ce8b916278d4ce1b5481f2d60792f70b44464bb45f51ff97ab75b,02218c21622c8e6027a449c3ef3aea6800390bda2c44e1c6b1b1a3d8d18eaaca,16,992
SNF-093,lld/test/ELF/lto/comdat-nodeduplicate.ll,bca597ede09d1c1956fb6db77d09b28b4876146db45f0ffe828a765ee57f9e5d,5651,133,35,27,weak;hidden;visibility;export,f7778988b6c02bb8adf6e97f2acde28328ffe3c51b626c0c253251633ed32b86,a1638621cb8438059897d7268d5ab2206700f1f7acbb51f51b3a6606028e2296,16,992
SNF-094,lld/test/ELF/executable-undefined-protected-ignoreall.s,68cda0552061840e5c7f00c894e3a9862eca165667044e6cd61a530f0b847a56,260,8,2,2,protected;undefined,54d2a16def2661fc57c0a212d5110cffc75f2ac14b5ef415baacc68ed7aec7fc,633a3846d6619c56cc3de167894432b30ed42b2e5e66d79a036fd1e925f9130f,16,992
SNF-095,lld/test/ELF/archive.s,ccb49cd95540b2ef3951905f1b6a6e88d364ed064bb238844fe56fe85fe99e04,1200,45,15,8,archive;weak;lazy;undefined,a9a15aed7e18ce8c41f7645048a763d42137f3be428593a358961eddbc8b6dd8,05b2000d0b53ba0e97d62ca55c687b4d420a0c10a66581ce23dae4645390ea92,16,992
SNF-096,lld/test/ELF/undef-shared.s,b6732683dc8c9efb25e865cb51a95db086df28776da82ca0f42434b8c4091e67,618,23,2,7,hidden;protected;undefined;shared,1a0629a40e5ef880fb57236c241fbc33b79bfbc3f95c68574abcbe965e94f228,9cea2eba00907f8a94fa8f8651153d5963ccdc3762d4738d584d8603f3427d92,16,992
SNF-097,lld/test/ELF/dynamic-list.s,f6c67f48e2e98aeca06b47999293b8c644c379ab3bace15d135d1c6def29bdc0,1856,57,25,19,export;shared,dab3cc027d17430168564de51247c25286b3f5a5e3c7608334f7bc094fc6f709,72e08bdef4833180724cce8abd6d8cb8c7cb4c0f7dd00617d2e165a2ab1e0e08,16,992
SNF-098,lld/test/ELF/weak-undef-lazy.s,b4fc351080f9c576dc33ca86bfdec84b2bdc8cdf9debf0a61923baf776946203,348,11,5,0,weak;export;lazy,bb319fde6d9dee8733ac9e54a6d4f19b281011c2aa92f7e7fe6930ce63490f31,f15da7b057b19dad35837df83d3ddbaa4ac6b06a8ddf65a71e90d9ba94a094d3,16,992
SNF-099,lld/test/ELF/sparcv9-tls-ie.s,34c4b25d30f8bfafc7ceb2b2f88d772cdf8958b9eb944673eaa041b170b1fe95,3454,98,10,8,tls;hidden;preempt;shared,8277b87ceecbcb9d61e7fc857b491a4d12d02d77b24a4f6118696fb94a2ca686,9eab66e5d616c8b90c192e97301a46176e1415619a630296c054853ff3184dc4,16,992
SNF-100,lld/test/ELF/linkerscript/orphan.s,1ea6f7e2e82de5ded178e3e6130ea9361a0623197259853b2f67c688bea8c7de,5309,136,14,12,relro,ff4b1d3497f52a946697c1f657f17da91c0191c7d69944e19eae6633cb8b40ba,51418f2941eee8432961c424ade5853a050ee5f088fd0195918edb8fb642d570,16,992
SNF-101,lld/test/ELF/aarch64-gnu-ifunc.s,b48639acdcc8bb2c793458bd7a70ed8f6e7b6b7c31db798c181cade30f50944c,3905,142,4,94,ifunc;hidden;undefined,b5226f2dedf274f364ea7cc016e014fb5cae34e5f17585ed0a901dbb271714da,f4c2f3aac41a77e41349e875b5f6cc6a55f2b8cdc50500f7fc57ac1aa5dd115d,16,992
SNF-102,lld/test/ELF/allow-shlib-undefined-weak.s,4425424c83535dc334c5bca99d9521de64617efdf43a489c8dd4657863166ca6,1072,48,11,0,wrap;shared;weak;undefined,b502d7d5b78deffb7c83e8691bbb805d1c53258b26a18ea00371c8aaeaab9248,69d5fdb658a847cd0b558b47819fd74d58947c836b70e3eb832ff8582c99b66d,16,992
SNF-103,lld/test/ELF/debug-dead-reloc.s,7786037440caaacec55f0dd0c36e1a915d16a8ab7416d3272602ac98a645d79d,4218,112,11,19,gc-sections;symbolic,7cb10c979ef6b259700a160431e5efcd14b2103edcf144093ddb683533f6217b,23c8246a1c24729426a0792a1d1e23ea071948bf161067640926c51a3f180c40,16,992
SNF-104,lld/test/ELF/as-needed-no-reloc.s,fc32b8cbc97cb448490a9d63d9bbc7fc5e7f0844f6c3ff216e2f93b99f792d5a,490,16,5,3,shared;as-needed;undefined,e4d050f2cb36eebe3d843ff415381cbeded30325c57f11ac09ec28495a684f41,75d6ac5b1c83de176750b7c6aa6b2e4478e4651f267478933f104d4d0187b129,16,992
SNF-105,lld/test/ELF/arm-abs32-dyn.s,252093c2bfebcacfef0f8d5d939ad0826a9912927fa2bf9034f47bb7937110c6,1103,41,4,15,hidden;preempt;shared;visibility,2e5c81b81dd196b9b46ee206038928b588b9297de419400136d231706ef5e01e,8236c8809bc9148db2c26a482e2e9ba88d529175196e6370e4584ddcead3d0e7,16,992
SNF-106,lld/test/ELF/riscv-feature-zicfilp-unlabeled.s,304351dcde29906b740a5d53bceb232bf09e5c67d147fa28b8c93a5633c200de,9289,295,39,31,shared;preempt;undefined,767ffdefa59cad556f1cf9c00d9f2654817843c0df7debd266b10a61af2f4bb5,24ed16de3afbde888db5a29290688a79c05edb065a86ad84a3b86cd723505137,16,992
SNF-107,lld/test/ELF/lto/weakodr-visibility.ll,2cfc6115b6649cebb79d18f84cf0e5680bb205e1964dad25185ce298287d7b8b,1325,40,8,19,weak;visibility;protected;shared,b2102fcde19a1b4f9f6911073db8f97a6cefd1460c9ff8cb6de3c8df0bd99942,790ffba0609bfae59deffd8f9cbefd89ca6cf717254e317b957a735c87eead1a,16,992
SNF-108,lld/test/ELF/lto/devirt_validate_vtable_typeinfos_no_rtti.ll,ff9b33ea0a2ffc0309b44b4b876822d406a4c637561176edb1b80468a175d157,5769,136,25,47,visibility,a2273a6bf6d319bd533ab940d7041b74e862710d4c4acffda4d1348821024f7a,351dbba817da3e852cf2674360f454e04d66c53487765e1139c5f10476dd3638,16,992
SNF-109,lld/test/ELF/gnu-ifunc-shared.s,72c1540ed93a7ee0a21f7413b9b75f7a27aa66da4311a78c17c64e32ed8cbea7,2407,82,4,12,ifunc;hidden;preempt;shared,8e5f2ae4eabb63ad9a27b83046456b86f01376745b9b8059775ead97cd5d004e,97fb3cf43c301128b41e07fec90062b4a7a14a1ce3e1041bfe1b16b62dfef347,16,992
SNF-110,lld/test/ELF/ppc64-undefined-weak.s,475d17e714eeceafc14f801b916468079b5aacd9c261d18d581a6f4f1251178b,1235,40,10,8,weak;hidden;shared;undefined,9958df38684cb80456fc70dc466097fd267099608acdcc075d62c552bba70b25,18808b54218f0abd987c3d962bed42bda956e2206c562cb13150a69e0b315682,16,992
SNF-111,lld/test/ELF/tls-weak-undef.s,238e7e0e643fb2f89982da6d039a4384b85d9e60d5f17afacc9ba674c5acf950,1359,42,12,8,shared;weak;lazy;undefined;tls,e66405af884c6c6c3001bf0b6726a9fad2fe3c2b82fd64b6df8d445cba5a001b,caf2896fa952de6682be3e8ec757b425c889a9a1bd3a7dca472d8a9a2dca555c,16,992
SNF-112,lld/test/ELF/ppc64-abi-version.s,8636fdfe55232be8260b5ab1e2a6a8e600b371038c0cb8bc5c9c74615cb16252,437,11,4,4,version,50d3a2cfa7181f012babc874e304add0362f5649bf7c8e0d844478b895fe5efb,f1bdcb89318403eaa2d5e3dd07967e1dd409645cd0f096cd35e02d870b12c1a6,16,992
SNF-113,lld/test/ELF/aarch64-thunk-bti.s,b4b1833f417482dfe6ccdc1d051a879d08e5deca08e1c92874fc7fa446f12c3c,18634,499,10,276,hidden;shared,99f59643405e3016cd97cc1c01833f14684963229a5ba107148f827d1ffc2e0f,dd884d7a31dd75c27aac29ef082360a1b0ca8d89849ccd17ca8a126b0cb49b5a,16,992
SNF-114,lld/test/ELF/dt_flags.s,90577b002265c867b17e6c38a88acab2554f47cfd668f8567e07fb66af337c6f,824,27,9,8,symbolic;lazy;shared,deddc58de24a67862dd1d012191cc0b4993abf18bc95104af1968f0edc11ce93,f32983db31795f968f5c5c6932e1b560feb880cc02bde665226d3e0b84e6c763,16,992
SNF-115,lld/test/ELF/mips-tls-64-pic-local-variable.s,e6b5dd2001ac977b5515ab09e3051560377271cb96f946693c2fbfbba93dbd78,2140,64,9,5,tls;version;protected;shared,4c8edb2fa32bf9fe76304b36907f3e5a0e708f36275675691b2a94d85b017739,f278651a7238167d0fd9613bd1eeb311f5f4ed4bcf0a64f2714e6212d3c57523,16,992
SNF-116,lld/test/ELF/lto/comdat2.ll,8313278df7db0be79d9296bc508d0f4910eed90eb582c689deb479c37c4cd018,1187,45,6,14,protected;shared,f0849b9d6a279e6c0e41bedf6e005057044d9808b7ff5e5c95b892a0d65b055f,76e46d4ce3f78f9c0e9bdbc900e31b188863e46dce0cbdc5d143f5879e419da2,16,992
SNF-117,lld/test/ELF/lto/common2.ll,6a20460eb605a0c94df5da56320d46c5d5d55520b5083fe9da2582457710b9a1,814,28,4,5,shared;hidden,bc60ed7c5b820511d19edcd9d462d6e9aca44a79fdb58f438fe2a78b149d8138,6473b605ef03f1c2755da01d2cdfb398bd0258299b0a4c891f811fc31ab6462d,16,992
SNF-118,lld/test/ELF/weak-undef-shared.s,fee4e136e66e8e6a86c11471bffba1d129ed72cd841709f913953bd93a913939,1603,40,21,17,weak;undefined;shared,ad1376c0912001084794e3218915e094b43d3f311138cd39035092b78b78c7ae,e2eb3e5374d016aad6b3acd32a8a59785df0011906b7217122c7c03daf960e05,16,992
SNF-119,lld/test/ELF/arm-wraparound-veneer.s,81d72c5b25ff3841310a1012ab7b2b345939227b6b72fd9648344ced1733ee19,3363,102,10,9,wrap,89fd39824b9a95a4e21da828a96907bfbf77013375582bf6486798b3478a9a3d,3d3222010defff072651f71a4a83b30f87fe06e42676bbf75f471a723e9f13da,16,992
SNF-120,lld/test/ELF/verneed.s,ef5293d331a5b068750d21fea7831b6f61ac59d6db0eeff4d5ddcf8ed44cf7a3,5718,182,8,160,version;undefined;shared,c08dbfb489e71bdf20536437527581eb4baf376dcfb6cb1f4584e544794acfb4,1948ed3dbd7a513dd874ba63f3f33557707bd8d8869a049cd345d554924b9d04,16,992
SNF-121,lld/test/ELF/icf-safe.s,27aca2f4836b202916e66266310f9fe30be36f1eb3672376b8acb3627b60811c,5731,176,15,27,export;hidden;shared,cfaec256a692d23584cf9f4c8fba95a6577d706fa81647b32406d8ad9f044e9d,104cd3fb054c3fa6c15bd6728b7806eaaeb68ac758784b3cbd1ad7a8b14d5e1f,16,992
SNF-122,lld/test/ELF/debug-names-type-units.s,12e8f7e42e356e0986a9279417179d98e8f3caa667cde735d777c56a30c8ef88,41937,895,8,8,version,697e235cc38b3eaf67aceaccb6267e7e889a2c04e28c1a5dfaad7839f8e4e73c,79e6d7d8dcfea9b22ddb3bb0c72c3865f57fc53034dfd686314a5b6439d917a5,16,992
SNF-123,lld/test/ELF/aarch64-cortex-a53-843419-recognize.s,b3c51f5af9ef33376dc1bd3234ec5d5a0f32036364a9895d8e7ffd0cfdcf2e81,26861,616,7,290,baseline-link,eed097ac02916ce2d85487decb9d7159fd989f1611cdf858c20cf3b1aa2bf789,81924f363bc8d80a77eaa50a24c0d2fa6c275ba847c4b4b112781419c693b7b5,16,992
SNF-124,lld/test/ELF/gc-sections-no-undef-error.s,ae579f6ed55b0f4d0440462fc646384b0b2dffeb1aa63b3242ba85033b9b4450,409,19,3,3,undefined;gc-sections,ba7b955cfdc3f7ec654834a120f13bb6ece480111a3f36eebcc95d0ac70fef77,0e92e20a6af268c5a9fe2eede17a9a6ae60e55756950d734f31d45f2d0f8e18e,16,992
SNF-125,lld/test/ELF/hexagon-shared.s,bad10f343b68fc23e994fee14ac7066482eb89932cbe21cf790d68e0bf1bb05b,3120,114,10,10,hidden;symbolic;shared,0dcf7f8810914cd8a144757287d07a9b29ec71af86bcb231cc22eaaf9b9f035a,2a3927a7fda7ec1f5d6a2fb0970e64ff9688ae07c99d5ad6a88b5fa74a94d481,16,992
SNF-126,lld/test/ELF/gdb-index-gc-sections.s,fb1f1f36053ef2e0f60da979eeb223f0a1a718803b0733ebfb50668b1e84a0bb,6070,158,3,3,version;gc-sections,6790bf8e9bb6a707a8c1c369fe5b1f7c1ada01f52f78ee8fe9c83f3ac232b760,473b873b4a51da03d9f08b8ffb8ffee596c763223aafac4b90eca5dd3768127e,16,992
SNF-127,lld/test/ELF/gnu-ifunc-plt.s,8657a8fa1daaa03b05f7229124172ec1b19629a67ba7e29a0ff85ee2dfc4c419,4254,111,11,27,ifunc;shared;preempt,c7d71be895d74f7c5fdfb202eaf036d293a449cd1ac75b77ec72afb7f1e3a2be,47b10d155c387b7345a68437700a533a7a08df36c26d847d5d19234b38c9f2db,16,992
SNF-128,lld/test/ELF/gc-sections-metadata-startstop.s,ccbf9c70499e8b5b9b19a9fd571a7de8ab5492ebca5a4262fbf450400de1f3e8,1174,46,7,12,weak;gc-sections;protected,619e54715dce2968c5e7e39df6fa6b044099e40ec8e0e8812837dcbd9a52d95c,6b7a734baffa438b251cc3b9ac914a4c359ab82b14ff84c0e3b34ecf38fbf7fc,16,992
SNF-129,lld/test/ELF/dynamic-list-preempt2.s,d9ae9b1f50b2e6a060a4b25a9185834e0463bae91612f563eba06e5bdbc85842,779,29,6,4,shared;export;preempt,abf2c3e290153574743daf5bd6c7d5d43c55fbdb99c34deb847883da0d8e73f1,691399764b48f7b7fed8bd22875d008dd36072923ac68e39e25edbb7e1b16597,16,992
SNF-130,lld/test/ELF/mips-micro-thunks.s,e5363943160da33e337bef1014fdf3ae15732f52247f75ac244c1fb854e30f08,2794,66,35,9,baseline-link,abc21519efc0c4c7390c3bc1b5bb56b89ae8088fa15948873ed5faa38c914901,35444a0d91e14e03ea2c0808282f8359a9260b2a40b60b1bd54d9548737fb5fd,16,992
SNF-131,lld/test/ELF/wrap-extract-real.ll,7d6ba69e3f8a0f2cdc6bea2445318028838f7fe1270876bb219593695f5e457f,2705,66,9,4,wrap;weak;archive,069a87486cbc8fa34bbfff35d9db0e7bf114aa83cb65fc8587ea9b349c18ad2e,8220697f82c5a2182d68e958ad4144b0971def7bfa9b4896e67453a13c25841a,16,992
SNF-132,lld/test/ELF/linkerscript/section-class.test,4f832de671a718857b434d37afa10d543d6267e99e329067c957d1657fb5d393,17935,552,64,67,undefined,82c8a42d687780430d7d01fe065c7a7a28acbf555adc012e8ae10e4b88800cb5,d48cc1c01342dba86f2633645f90ccaa52812b8c90375975cd6eaa1f214d6ec5,16,992
SNF-133,lld/test/ELF/aarch64-pauth-rela-iplt-end.s,e2f008f3fe116a49f97e90e08165210c0e979486084e6ad817720d2bc6709345,762,20,3,4,hidden,2c5e3fbcd5183e00ef79d383fa02c7868a34302b57cd486179b66a467555e578,8500874fe0bca150a51cb35cc0a189ab47f6623fd490d837532d4020e5785bc9,16,992
SNF-134,lld/test/ELF/visibility.s,a293f88dd06c6c122436660b6383ac98108b235d7b0382029ea210e1ca3b743c,916,34,4,11,protected;hidden;visibility;shared,df5985a35e6b5e1ee385df85fce4ceefa9978ff82b6f493f3584590ee038ff07,ea266df331e4fb71407415b0dd19a922c21f755131949522d28b4f0649c9733b,16,992
SNF-135,lld/test/ELF/lto/undef-weak-lazy.ll,23bd2665c8ff6562a2b58bb54c090dffd1a6b8f531a81d41ae75e896907fc4a0,824,23,9,4,weak;shared;archive;lazy,507aa2e8f2bda8b698b005ccfe0a10dcde4de105454746288a16d50642f52716,00c62dffee5be7f9b6adff31b3d46d915bd905c18d5d7bfa9dc003eeb3815f81,16,992
SNF-136,lld/test/ELF/lto/exclude-libs-libcall.ll,eb11b2f92fe48923ed508f07958ebc25a678c4ac0bcbaf3ed35c25789fd137cb,861,28,6,5,lazy;shared,aeeef3dc1a446cac1aa4aaa662fb0ead87e3b3db6118ea82ff5cc52796333e51,2c385d348a5abc28e0f007f653c735d958e1e57b0cb82f150905f9a9e4e16195,16,992
SNF-137,lld/test/ELF/x86-64-section-layout.s,892e6f9b2692f49f607d7bbb17a16ad897cd73397eb90e97afe4e477dab5c502,11735,223,17,117,relro;tls,5919bef83a94f905427be9079bfe0d47b56fd45aa05ec9e039fa25c7e27e105d,0223b95d62a1fbb1b629b380452174ab942dfef1538a736d3c013819df779fe2,16,992
SNF-138,lld/test/ELF/linkerscript/memory.s,ae70e0267dfe9718534af25825f72fb8b52abda0f0872ba08ed9b1e23a60e8d8,2842,83,45,15,relro,bf26011bfafe8c082135fe542ab3b3b0e05e8daea2d2a988e5e7806a7a0b4ebd,d5844835a4656e5e4e7973da63973746cc224871e30a0af6b139b73a90bba474,16,992
SNF-139,lld/test/ELF/basic-mips.s,c07d227f0f1077a8289ba862093e280a763dd15e76c8ff62016372fbfb65f89f,10045,330,4,318,version;hidden;undefined,88678357f74a3129f2b0db91d975b15a7a9e462cc21fca4f260083e5112f2cf6,ce1fbd145cf44a9659df7d3cdefe20cef241dd67d4cb7e7299a4a7b0621e3a04,16,992
SNF-140,lld/test/ELF/lto/comdat-mixed-archive.test,18ace9a296f74b282a9cba39ac138cef1c3ae6e424d6fc43821965fb3ee61005,2154,74,9,6,lazy;archive;undefined;weak,b7d42b0d707f60764ee0ab7907962c5d2fa5cbbcf2cf66e83ec040d1f5fc633b,93db5a5400cddca73f081c13c83fab733224da8b42fef5c805c5ed2148f90581,16,992
SNF-141,lld/test/ELF/gnu-ifunc-dso.s,bda4f32a3b29402af5f98b493a9c007349865e191ea8279fdf1fb1c83cdef65d,666,21,7,6,ifunc;shared;symbolic,21dcb949912c23ea6dd43b1e1de2acde218fa1f52073cf9571b1e1e97f02bfb6,d744f7b5f9ed1f946ec93c15049607d593bcdbfd3f00afc46334c1fd55f8a07b,16,992
SNF-142,lld/test/ELF/gc-sections-retain.s,52fbb863cfbbf115a9e4ff629b381be19dd4e22c2868b9e150a13d92f3a4c20e,1189,39,7,10,gc-sections,861b7616e3aee0ad145639041a2b9086e60e979de154f433073db764153f219b,1b1ce43f30fea08827a1f0cef00d5c9e9f7fb92b2314cff951bb269d4e057f61,16,992
SNF-143,lld/test/ELF/basic-systemz.s,b8f76a8e5d216f81bf89658def13892ce4850ba5fa7c520a6af15934e6685f26,4068,63,3,51,version;relro;shared,ac6c149b4d46a0d8c735b1ed828d5a98713112bacb9eb8ac42e7b7d63906542d,710b0dab5992229528bf0d579e6e1b9a80d16b24670e01ec14e4b592c9cb98c9,16,992
SNF-144,lld/test/ELF/lto/devirt_split_unit_localize.ll,64e6607b91a3b35ef352b2437a69133987799e3e943ea1c92155e5e684285532,4686,109,7,2,version;shared;visibility,7ffe9fd2572db76fc40b957fc492c08cda54136ba461fb27f3d3b9226635108e,bfd9e28720006b25ed679f2bfa4bab840cc7e55b07ae8f4852679c628f138ef2,16,992
SNF-145,lld/test/ELF/linkerscript/map-file.test,e811e507dbcf7c0ea984a3dcf7c4b94bee46f1315a2c2acb5154684d98f520c3,2765,60,4,29,hidden,200f31d8cec15e50554b6a4f8a36f9a8b7aed043ddf65fa6c497a5696cd59814,0c787b61090868cb2b756f62708358a69a2d7c1f3cdf90d3cb64127311ede759,16,992
SNF-146,lld/test/ELF/arm-tls-norelax-gd-ie.s,0b023393d7128b089568d9da7f5ee437380fa4a587004711e0f5350a16e6236b,1049,30,5,6,tls;preempt;shared,86dce56a1cf62c530342a6ed2cc7fffd3583d25c86b694860144557db41e675f,e3d5b082ec18b0877fd6562cefff862816809804b0a9cb1babce4a2bb95de0f9,16,992
SNF-147,lld/test/ELF/print-archive-stats.s,59f3aa938a06dc81866984b9f17a85d2dc2823457ca8fe6544c7640895717a8d,1581,46,15,15,weak;archive;shared,6c46de97389508a915241109415992d2a14670ad21ac430bf7120075db93e33f,07026a30f269646aec276abd0d3a7696e71b70d045309a08fe8e83027840f8f8,16,992
SNF-148,lld/test/ELF/weak-undef-rw.s,45b558591b1828eeb0beb65eacd08c73800b138dc1b4ee9492a0293bc5e91e0f,3265,82,31,24,weak;undefined;shared;export,b0bae7b6f050ee0212fd9991ee4eb204b96998afccc2eb26c26c740b85e07a25,76efee0efbf75c1e5e09787b4f860ff1aaf3750398b7eed2eb5ccbfdc8eed10f,16,992
SNF-149,lld/test/ELF/linkerscript/memory-err.s,a9877ce888f1b8908003403fde3a095e45cf1bb1243e7703f59b0f0322599f98,3277,81,37,29,shared;symbolic,548d9d220cefe373f92853af53539bdc3de5bb2afff83486311af96d719e4d4c,a1180ed5ea5b028525fb870768ea3c8375129145b662e1d4bdbdc2e41f0da9fd,16,992
SNF-150,lld/test/ELF/aarch64-tlsdesc-zrel.s,b079fff4bab652d65f3fce14f14ef29aba5122989582893fb9928b6e2b7b6ac4,2244,62,7,7,tls;shared;hidden,96792a91814c07f9522490fd214abba99f854ca15233b0043a49373252072f5e,bf8ee1fe0ce9c2dc870214d654a3268b28987536dd6730aa3adc3cec1de6b45e,16,992
SNF-151,lld/test/ELF/retain-symbols-file.s,73d4ceb1025ad30f46947bbf55005ec7781c9cde21ebeefbeef87477a954f7fb,3658,94,18,14,shared;gc-sections;export,2f7e46e7dd6cbbca331cd4c54578297bcc79c72d51a6f30c150d6ffa4c0d9e60,f629001b6958d12a8e06c0497a5d2a8e17c5a4ecbfc3f1d2d640c72c0a43ba9f,16,992
SNF-152,lld/test/ELF/unresolved-symbols.s,ad48029492072635794bbc7842db369d73b70dd1bdbf8d9a887bceca4728ca78,3288,67,32,24,undefined;shared,0dc97c620690cae5dfd94401fc6a48d0702d408e32f6853c6e4a9cbc4b2d8214,841ec193fb42739f1905a7def421a3e43c32844f8ae390a7f6cfa96007961733,16,992
SNF-153,lld/test/ELF/version-script-undef.s,b3b252d9e2f1bcfb5c3849705d87928d879a58b9f1e2f55c3be58fc9d9d26c17,1148,41,4,30,undefined;weak;shared;version,df9a3c0c3f77375400ff4d593d97fe525840fc2686f88357dd4c028b06dce5a6,a2cd7b24a52b7a6832b21585f8c6ae8b9c926e4e1e7033843bbc4992c7ef2e05,16,992
SNF-154,lld/test/ELF/lto/wrap-2.ll,45166b6b5246a2fdf373db75f2ae4905b13dd6610e97d33b3d4ebc50f315fe24,2754,73,24,35,wrap;shared,c3f69a20407197600f05b1c9aee0ebda819a1493a450fc5bb038d9aa542a515d,bd34da9692fa1fee42c88dd58ad3f28e1238516d697e312c02861e4c00348391,16,992
SNF-155,lld/test/ELF/dtlto/files.test,36168106f61a528e75098ce6b56d68d2b9dcf650179eaf02d4b0c29245624c3b,3820,99,37,18,lazy;shared,17210294b63c0825bc0d660668298144d6555915fa3e7145785c08831e044bad,3222c53ce805383be59adad710a84553f8539d4f801554c986537a372805a5cf,16,992
SNF-156,lld/test/ELF/lto/resolution.ll,e1bfd41e3940e3bd178a19b6ff8593a8c7fb55a96197d87636dbd39e3796cd01,1460,53,6,21,weak;shared,a78c954031d8abbcb095fa3262f92206c91e7c9800fc50ab611100a63dfc09d1,7338d463d13664774b3372cee987be0a0a047ec7eba2e70252796aca32c19e49,16,992
SNF-157,lld/test/ELF/exclude-libs-undef.s,3c49af93de71a53e5e7cdbf77ec9daee9159336ece9a32fb62fc91b7b4f5103b,586,19,5,3,weak;undefined;archive;preempt;shared,2bb4d9b8a73b9468b45be4d22249bfe912d40d25c7145297c86939ddfc50f551,46b69f61b31f80124925ca6d36d448426de38246bc6406173f249ca09b487bfe,16,992
SNF-158,lld/test/ELF/weak-shared-gc.s,5819e923e5b4b21a649a12274ae821bc72b782cc185f090df554d21e81e14d99,734,21,6,4,weak;shared;undefined;as-needed;gc-sections,dd4f9e9dea34b2c86da836ed8470badddf0a1c38cb2cbbb94f0504ac97afa4c6,597245b3152cef725c62344168bee84837eda24afe46af80b062dcd86529d51c,16,992
SNF-159,lld/test/ELF/systemz-gotent-relax.s,ba7c7ee22e5bd56b456885e44ef6c91acc0824e28a99fd121521abdaad40c0af,2892,91,9,18,ifunc;hidden;relro,ab47dd7d341c4407d15d1ba0f1f592cf3de07d51aaedfcdcf4742a168a040fca,ffd7af3a74c6c27ddfd0208e30e1811cd015d711d48221b7ba4f66cb40aba937,16,992
SNF-160,lld/test/ELF/startstop.s,0e9942238fb05c7309461454cd79897651118d20c5cc694f9c5bb6a61885a089,2196,92,4,4,hidden;protected;shared,0e47959c779215db98666a34b45f00d28538f2d6b3083cc8277ab3700ecbbb83,d11ced7209b30e165455ab24bc7c85a56cddcae7494faac70d733c4698fa2aba,16,992
SNF-161,lld/test/ELF/lto/devirt_vcall_vis_localize.ll,fd74d2104ba9a341e265287b24412ab63848ac4628a8b9c40c3362e9e8279676,2392,68,8,10,visibility;shared;version,1c54a66f52ada58475f67c3d2ef969f198babad61091d1cf68439e650cffbbc3,23bfb3899227f7bb794973b079b0892e8b8832cb5a55c1517e452dff865ffc23,16,992
SNF-162,lld/test/ELF/vs-diagnostics-undefined-symbol-2.s,03b6dd05b1467b96c49893aa12ec2ec946c17f9a4be1d6f0a3ff45391e779e7c,648,18,5,10,undefined,7f8eeb2975b121712dd4570cde339da906706978e6b73b1ece2dcc73ce476fd4,954c039a230ca29c3560ae1f1d9539cbd428dffa968cbd12595f647f05a1ab50,16,992
SNF-163,lld/test/ELF/incompatible.s,064885eb99287f24ae36f5a8636f1435f0d73dd8aa42fdb5caf813287ee9da75,3376,78,41,32,archive;shared,4ac7ab1d58786cc417f4391fd236474ce2d9d59e39acaca2ec5c228474bef551,bd6577723b40507f3e58bf0c3680fff23f26c7f29a82a6952ad1364fd2a16984,16,992
SNF-164,lld/test/ELF/x86-64-relax-jump-tables.s,b338f270ce45066bcae964fd8fe1579e623ef306fb6581b436738ce7ed06204b,5462,286,7,58,shared;ifunc,01e6cd3a9f9dc99ed5bddce4668efe2cb9a9ff000c38d4304e45354a2fe1b695,e502930809c486e5d74d5e14ed82c76458a3a33fae50ad3969ebbc4d471ca671,16,992
SNF-165,lld/test/ELF/protected-function-access.s,227647a6b101b292f939655e9d005108f6d0055fa24d0a6c8c055b72c5e46d29,989,32,7,12,protected;undefined;preempt;shared,325188b609a63b9df7e3646a483ad1ead5932aa9d1b6b4cb8ed0083d3f188167,d81e84e4cde43d58de36d289eef3ab9b352b2a7d86db1e917fc452946a24d9fe,16,992
SNF-166,lld/test/ELF/loongarch-pc-hi20-lo12-got.s,e002408e22acc94393d5dca86c04d4366a01d2ce174c71a06b429a4d4468cf9a,4270,145,17,24,hidden;preempt,488b7523dab6dc4c31a34a4be5784ef56a42a41d039ab1fcb77700565cce71df,da5d64a166850b7085ab50db8f11a5b4539bd51091b83e71da3662e8ab4937db,16,992
SNF-167,lld/test/ELF/riscv-plt.s,73a1acd3aae24dcd0054ae23e9441f447be2ef83d90a63764600cdb41c05d4c9,3722,104,17,16,weak;shared;preempt,bc1217589c5f8ad9e980472936876c1ffb79761629dd2ea071e740ee48f64eee,08ac029fae3a5390cc4cbdd60311d304c2f09046357921c0d8a23d7a1dac979a,16,992
SNF-168,lld/test/ELF/aarch64-relro.s,37fc4fc03a2d868ec82e2d8fa47a2d01fbfd7e76a3592b5ab0724cc0887806a4,380,14,3,7,relro,2c7b89c45689661f8e11f234ac073348b8052af8ad0cf97e48d4135faed6c8b6,bc0460de6fb3b4fe6e8e5d311148015c5665933629c894cd78351b11abaca647,16,992
SNF-169,lld/test/ELF/lto/update_public_type_test.ll,74021bcd01737de1e3b936abd35c050e9d26187ce391267fd175dcb958c54be0,996,27,5,5,visibility,f4c1c2e3fae5224f99cf65bfbf48acc874296c169ef75292e4b59f730da97b12,c755d1d4d045aa2d910b78c1ef52117f9462b6507eee1993453b871f42bc803e,16,992
SNF-170,lld/test/ELF/debug-dead-reloc-32.s,ca21f903f80f6e3a0d4ac4fc844c4dd1f8d2eb7f56fbc332320ae3656cbb460b,1916,51,5,11,gc-sections;symbolic,36367a514d3c2c4e7650e5512a3b91f44a504620c3fdf6d825a1b7412cd15a39,9553eea8f7096b4e20fd0363a84506e5f6c19dc670956ee421c5cf302da5255b,16,992
SNF-171,lld/test/ELF/mips-got-weak.s,693f1cdf7d621cb7fc14ceb4b39e777cb12579994f9f00aceb7ba562a56b246d,1754,56,7,14,weak;shared;symbolic,cdc0effa221eddd79acbb69ef61aa3f48007aeb349fbfff7c65730423a7073e0,a472b73c84e6f6aeeda5eba90a9ce5a348f490d60d275b0014f2fa7bbf8055c9,16,992
SNF-172,lld/test/ELF/map-file.s,f368e188cc525156f311cf5b51550ded6509e062c4210bd2f20db96ef1a5f96a,7241,118,19,70,shared;relro;weak,9d4bcb130331a8a7ede5e57db040efb6a5b618fb68b5b55eabac8f17285e017c,512f05caca3c6241d95873455e8b5ae9c32aaa2fe51b6e9f0161804a0d1328ec,16,992
SNF-173,lld/test/ELF/debug-dead-reloc-tls-arm.s,abce9be09b398a3d4d10b9f82405cd31c1c9c9f03a1e164d20b0baf0fe4d9f3b,534,22,3,3,tls;gc-sections,e52bc2d80bc3923adf885bb9c6b470e1356f7e6ff9bcba00ba1c3fe14b2fa08a,4ab345977b346dfa2e83081cb6ed9f715ca75f657622f6a62e545e9d18fa4110,16,992
SNF-174,lld/test/ELF/x86-64-reloc-pc32.s,28dee7ec7ef43eecb677eab71a4e261b5ca72385a6f5788158f5487bc8cbbd34,1436,39,11,12,shared,431498fa1926e9e1b4692af8150b10345f1821944e18e9476f990c2d2df6a8e0,6a4858f60e9a3f18a28ceec53f2e4a8eac65db74835f54562dbe34a9df43693a,16,992
SNF-175,lld/test/ELF/wrap-dynamic-undef.s,cb7a3861582bd339c80481982379c3551fcf34e816c90f0b6961114c94f6a48d,1177,41,9,6,weak;wrap;shared,f23c431d7ccb76ad47fb79750172f9b535327c5c3e68a6f6931a400ebec21384,dec28951d8d4c3b6ed72ffec651821876ef0f69593ddc422067ec7909eae9347,16,992
SNF-176,lld/test/ELF/tls-mismatch.s,bb401c49c7a253ed551371df30ddd6b2118729d7b903d9d764b0ec0d7ac15677,2243,56,20,7,tls;undefined;shared,1df94d6521eaf162862272f15a3b6da36e7d83e771b814ee31632276562a1a4f,689b14fe6564c445434ffb387ac3d1df5c41c82e9b579305b9eba4152988d008,16,992
SNF-177,lld/test/ELF/conflict.s,a2ece445dffa8a186080f99fa512af11e93eb8529631a3983ce34d178515e2ed,2281,52,12,18,archive,63a938c6bfca3eb595be6cdc7531263b2a861ecd4e260efd5f8601fabfc868b3,0073113edd8666970e6d166154a8aec6888f87add520e1cca47860e32c1202a8,16,992
SNF-178,lld/test/ELF/x86-64-reloc-pltoff64.s,ba2ea6bd9e5e8f50753f30d0a78b6f76cc15501e29090202dc4dc8b9e5aa7be8,1382,41,7,8,shared;weak;preempt,43d8eae768300ddb76791fad770de315939677d9d6db2fb5fd1b0185a8bb3871,703e84923219fadd0fecf959b7f2ffab19b30ae4233547e846f60b465ed07890,16,992
SNF-179,lld/test/ELF/gdb-index-invalid-section-index.yaml,755cc7d12436f3beadc2c072baa417cfbd15a5abf14dee7546b938aed6f94dd6,5027,140,2,0,baseline-link,0d2366ed0518eb9a1292bd936fcc75f54ba59d5cdcc88cbda0a336cd7f1adbda,899271f2d8a8be919203f66fb0f532383917813625e934df93763c7062af09ee,16,992
SNF-180,lld/test/ELF/lto/libcall-archive-bitcode.test,d0d3e114ca58b888de7a05285e79b0ee00bfe8370906fc7f9f5c6969ffdcdbd9,1575,54,11,6,lazy,7fe947c38c49d5e20d307ce2aee3b559f44a66cbf29936edb086c9178ec7279a,aee89577ee1dd468a66183596c8ae71e912673a1c5bfc192db97fdd6316b8a17,16,992
SNF-181,lld/test/ELF/shared-ppc64.s,bc17e1ccb391afd4a72c97e74af3d11e199c3081192ae715cd31ed3d627bf364,1777,44,10,24,shared;export,b58ef271f6b1964d96a20d616befa03f29fb9c9989dd193d8233d80d9141164a,cdce3195e91927488f8b29d824a66f5085920944e6aa0880f006f83754e5cc60,16,992
SNF-182,lld/test/ELF/emulation-arm.s,14c6d184fd9721a8c1900c43387a8acdbd862448ef67c2fa9fc4d3204f6d8c5d,3008,85,16,14,version,215a8159bf8f5630c963474ead56dfd8b76c36b8e0b626e89a490004e1456157,c24d2f1fb259c1cc51fc37ce495e187be1cd15d08e33270451225b439bf04b31,16,992
SNF-183,lld/test/ELF/riscv-relax-align.s,77111892fe0bc45ec4f1918f94c367abfd8c8d6960bead4a569c8c5c8678612f,5505,163,15,90,gc-sections,7ae5428d9a7ec63b065ff92b5079e61da1ce2c0ac8db0581dfa4ff98ea65962a,3a9200b2dc9ee99c95c259148fb427c83fe29eb8e6b7ee3df8633c0eeb5f0846,16,992
SNF-184,lld/test/ELF/arm-undefined-weak.s,74027b07d96141f8b162e879ecc0b13c59f38cbe2b9f753d14198dff4adf1efc,1483,49,3,13,weak;undefined;hidden,54ec87bbaac42cb193f5b1d4623efe5b9f4938138b4bca729e5f67563acd55d3,6d6b07cfdcb413a02c756b80c760fb4846cbb50c5bd4ae33e0ca05aa3edbdf2b,16,992
SNF-185,lld/test/ELF/version-symbol-error.s,f852053cc97fb2ebcc9df3f5c6ca1e2b981380186cffe7057ee289746fe51be9,308,12,4,2,version;shared;undefined,fba5589f05485cdd84683bc020c68418f379e170229ffb74aff137e719524aa7,e0a28a9f51498a9482eb6365c1b5f5c1db19e11887bfe5eb5cf1fb1dbf02ddae,16,992
SNF-186,lld/test/ELF/lto/duplicated-name.ll,5cedce5b8138e37d285e2620837386cb502b12a2f83a631186edf07dd7d14d76,488,15,6,0,archive;shared,1897ee1f1f76ce4a650c0b362c3eaea91dc252017d5b3caf160bb575a33f9abb,ff7a2d39a38e2c6ed69ce1f160062c18cac5af74fbed7c802bbdc4dce9587802,16,992
SNF-187,lld/test/ELF/ppc32-local-branch.s,dc1802e42560f1e3406cb821da1bd320c331f702f18c2a0c0efebc306ef5816a,715,21,4,7,preempt,c8076d5fe48e464a52e72350000b52a0b424371bfae0ec8522f6447fada81522,7b7444c423ff8158e77e5db3ec15bff5c6bdfc1dbf8f2c6796fd23bcd4d90353,16,992
SNF-188,lld/test/ELF/relro-omagic.s,d8e9f477eaef684c9fb5908f9c9de469d55c78e3a2aea5b01419f009cb899d1a,1517,35,6,4,relro;shared,581792941cb1b490b657e409e410e756eda449bff141aca1e20721a65de62593,1b44895122f7f94365a773fdfaaaa92a6dee6e2e6bb820be68da923fb252bf2d,16,992
SNF-189,lld/test/ELF/relocatable-symbols.s,6cc983d5aed46d273337c57f3521aa9c3af954c0db2d79c4ff5a5cadf29da1ff,6683,217,5,6,undefined,a0a9d295f19ebabed219b9e2f133515bea7c24501509b2f6792239dfba4b4599,3e397c3e6371958844dcd43f5f1f5824c673b6cecb8a5b7b80b42e63e08b5dc7,16,992
SNF-190,lld/test/ELF/linkerscript/synthetic-symbols3.test,01103b492a1414ba84197fde101ec57cdbba5dc9b7fb8019dfcbd4de0f723f1d,541,11,3,4,hidden,a689cb2911abd22c927fb937f81fbc3cdc1486d8b5ca7883971045166a6eb53c,c3d2f09dab73c905496e365749ed262ab55bb029b2ab43204c4a5fbb1c3feb3e,16,992
SNF-191,lld/test/ELF/gnu-ifunc-dyntags.s,6095b6f2dbf75851044b216ebae6e184f0fd862ac750753aaefdd4761442335a,1049,41,4,7,ifunc,7a9fd3a38e0017fd794893f0c29d8ec48ba785547cb284fcd2334d5f1b1904eb,5d2c543e82bc8a6fcb295a55759b41a3a061fd77e6d6dbee5d74377e6c272226,16,992
SNF-192,lld/test/ELF/aarch64-gnu-ifunc-nonpreemptable2.s,9e97b716d376e81c0fc7e24ff6ceb6ec6f5a739c8d2fa69a53c967afdb2ab1f7,1007,36,5,7,ifunc;preempt,b4f1212148d46b607c082e8fddf2544caca1bcf682cb26c179c2e75881477a8f,82a9e8b4e23e668f6b2d259dd80f12b764d9603b33ecf45a94a53ca963532378,16,992
SNF-193,lld/test/ELF/gc-sections-protected.s,821adb4c3182b99edd24d55e0b319c3f971c000477105813c9653b104b740eac,439,19,3,10,gc-sections;protected;shared,21fb839c0d326f4ce909078e258b47039dbf578510c7358bb515652220f530c3,fac0c59f1cde2a4940b61f0aa1b58fa743dee68a0c723c580e2b5e123183b437,16,992
SNF-194,lld/test/ELF/ppc64-bsymbolic-toc-restore.s,0f130988d4d1ddad0e13669c71d235db7d074fd8c4d8122572bf9a709cc4f304,2489,72,10,26,symbolic;shared;version,5e5594a88b5aec17070654f5bd024de8719ae799fe52fe2b5ab6fa301467d7f4,c09ea338b0ac8ad72887f99ec2a30e5f4fab2104b72772557e66a0886799d9d9,16,992
SNF-195,lld/test/ELF/loongarch-relax-tlsdesc.s,1af96ed119b88733e77364ef639b5b695b504a3ed0e9a6fcfdf1cfbcef184684,11013,293,17,17,tls;shared,22a3f172668a898d20c5a5cc3e724111928b738e30dfe6b7fd683af84920c99c,f9a67e8ae887d176b965cbda18b418cd04b0c5cd6599c6d0917d08edd00ef79f,16,992
SNF-196,lld/test/ELF/systemz-pie.s,f11cd5fba2f995d80f11ab906a01914e8ecb1f52b1947037048164760735b861,1911,38,5,26,version;relro;shared,7ef5d5c240f7155653e65a6e8d5733a31764396c009f9809875bdcb7f564e06c,b4e9146fecce5de9c1be7a9279bbd45092db7f444625db84092c3414c19e69d1,16,992
SNF-197,lld/test/ELF/x86-64-tls-gd-local.s,18ff7b76b05b9e370a18ab67406609e71a565b63ce83351035fb26a3206810f9,1370,52,3,22,tls;hidden;protected;shared,b8110c49e651f785fbdc4f2f464e78bcf0661caf34fca0c248d9bb63479436d2,5c1296a246181a76f9136c7e7a3809c2bfcf46f8ae4de4e9c68ea39357f3e0dd,16,992
SNF-198,lld/test/ELF/lto/thinlto.ll,673e4d398dd674615bdad6aa3fc82cf5477a137c79a1c8ccf2276ba94b6481ce,3165,80,42,36,shared;archive,816ee548270e7957911aea327db6682d8bb33674d90abf674907b944a16e5d45,a263bf08b8c13bdff8e1bce9bb5a186d89b72561876dec428ac66b3a63f8cee9,16,992
SNF-199,lld/test/ELF/lto/arm-rtlibcall.ll,251ea063cf7b976064078f62e275b4abc4fad8be55fc3c34f02866c792bbf1f4,5906,126,15,10,lazy;undefined;version,98009c665f8a634d298cfbeda5161a144add16a29add7e06c94ae97c912dd93b,951b0d61853ad373ededef40ad7121ebddc404ed72a6463178813c1f339701c3,16,992
